{
    "uvs":[],
    "normals":[-1,-0,0,0,0,-1,1,-0,0,0,0,1,0,1,-4.47035e-08,0.382683,5.59743e-08,0.92388,-4.07006e-07,1,1.68588e-07,4.07006e-07,1,1.68587e-07,0,1,0,0,1,0,0,1,-2.38419e-07,0.382683,-5.59743e-08,-0.92388,-0.92388,1.70356e-08,0.382683,0.923879,-2.1903e-08,-0.382684,-0.92388,1.70357e-08,0.382683,-0.382684,3.40713e-08,0.92388,0.923879,1.70356e-08,0.382684,-4.07006e-07,1,1.68587e-07,4.07006e-07,1,1.68588e-07,-0,1,0,0,1,-2.38419e-07,0.382683,3.40713e-08,0.92388,0.382683,3.6505e-08,0.92388,-0.382684,3.40713e-08,0.923879,-0.382684,-5.59742e-08,-0.92388,-0.92388,1.70356e-08,0.382683,4.07006e-07,1,1.68587e-07,-0.92388,-2.43366e-08,-0.382683,-0.382684,5.59742e-08,0.92388,-0.92388,-2.1903e-08,-0.382683,-0.382684,-5.35406e-08,-0.923879,0.92388,1.70356e-08,0.382684,-0.382684,-2.67703e-08,-0.92388,0.923879,-1.21683e-08,-0.382684,0.382683,-2.67703e-08,-0.92388,-0.92388,-1.21683e-08,-0.382683],
    "faces":[33,2,0,1,3,0,0,0,0,33,3,7,6,2,1,1,1,1,33,7,5,4,6,2,2,2,2,33,0,4,5,1,3,3,3,3,33,1,5,7,3,4,4,4,4,33,46,47,49,48,5,5,5,5,32,29,27,8,6,6,6,32,8,39,37,7,7,7,32,37,35,33,8,8,8,32,33,31,29,9,9,9,32,29,8,37,10,10,10,32,37,33,29,9,9,9,33,10,11,13,12,11,11,11,11,33,34,35,37,36,12,12,12,12,33,12,13,15,14,13,13,13,13,33,50,51,53,52,14,14,14,14,33,32,33,35,34,15,15,15,15,33,14,15,17,16,16,16,16,16,32,45,43,40,9,9,9,32,40,55,53,9,9,9,32,53,51,49,17,17,17,32,49,47,45,18,18,18,32,45,40,53,19,19,19,32,53,49,45,20,20,20,33,30,31,33,32,21,21,21,21,33,16,17,19,18,22,22,22,22,33,28,29,31,30,16,16,16,16,33,18,19,21,20,23,23,23,23,33,38,39,8,9,24,24,24,24,33,26,27,29,28,13,13,13,13,33,20,21,23,22,25,25,25,25,32,15,13,11,6,6,6,32,11,25,23,26,26,26,32,23,21,19,9,9,9,32,19,17,15,9,9,9,32,15,11,23,10,10,10,32,23,19,15,9,9,9,33,9,8,27,26,11,11,11,11,33,22,23,25,24,27,27,27,27,33,48,49,51,50,28,28,28,28,33,36,37,39,38,29,29,29,29,33,24,25,11,10,30,30,30,30,33,44,45,47,46,31,31,31,31,33,54,55,40,41,32,32,32,32,33,42,43,45,44,33,33,33,33,33,41,40,43,42,34,34,34,34,33,52,53,55,54,35,35,35,35,33,62,63,65,64,5,5,5,5,33,66,67,69,68,14,14,14,14,32,61,59,56,9,9,9,32,56,71,69,9,9,9,32,69,67,65,17,17,17,32,65,63,61,18,18,18,32,61,56,69,19,19,19,32,69,65,61,20,20,20,33,64,65,67,66,28,28,28,28,33,60,61,63,62,31,31,31,31,33,70,71,56,57,32,32,32,32,33,58,59,61,60,33,33,33,33,33,57,56,59,58,34,34,34,34,33,68,69,71,70,35,35,35,35],
    "vertices":[-2,-1,2,-2,1,2,-2,-1,-2,-2,1,-2,2,-1,2,2,1,2,2,-1,-2,2,1,-2,-1,1.46526,-1.5,-1,-0.53474,-1.5,1,-0.53474,-1.5,1,1.46526,-1.5,1.35355,-0.53474,-1.35355,1.35355,1.46526,-1.35355,1.5,-0.53474,-1,1.5,1.46526,-1,1.35355,-0.53474,-0.646447,1.35355,1.46526,-0.646447,1,-0.53474,-0.5,1,1.46526,-0.5,0.646447,-0.53474,-0.646447,0.646447,1.46526,-0.646447,0.5,-0.53474,-1,0.5,1.46526,-1,0.646447,-0.53474,-1.35355,0.646447,1.46526,-1.35355,-0.646447,-0.53474,-1.35355,-0.646447,1.46526,-1.35355,-0.5,-0.53474,-1,-0.5,1.46526,-1,-0.646447,-0.53474,-0.646447,-0.646447,1.46526,-0.646447,-1,-0.53474,-0.5,-1,1.46526,-0.5,-1.35355,-0.53474,-0.646447,-1.35355,1.46526,-0.646447,-1.5,-0.53474,-1,-1.5,1.46526,-1,-1.35355,-0.53474,-1.35355,-1.35355,1.46526,-1.35355,-1,1.46526,0.5,-1,-0.53474,0.5,-0.646447,-0.53474,0.646447,-0.646447,1.46526,0.646447,-0.5,-0.53474,1,-0.5,1.46526,1,-0.646447,-0.53474,1.35355,-0.646447,1.46526,1.35355,-1,-0.53474,1.5,-1,1.46526,1.5,-1.35355,-0.53474,1.35355,-1.35355,1.46526,1.35355,-1.5,-0.53474,1,-1.5,1.46526,1,-1.35355,-0.53474,0.646447,-1.35355,1.46526,0.646447,1,1.46526,0.5,1,-0.53474,0.5,1.35355,-0.53474,0.646447,1.35355,1.46526,0.646447,1.5,-0.53474,1,1.5,1.46526,1,1.35355,-0.53474,1.35355,1.35355,1.46526,1.35355,1,-0.53474,1.5,1,1.46526,1.5,0.646446,-0.53474,1.35355,0.646446,1.46526,1.35355,0.5,-0.53474,1,0.5,1.46526,1,0.646446,-0.53474,0.646447,0.646446,1.46526,0.646447],
    "metadata":{
        "version":3,
        "normals":36,
        "type":"Geometry",
        "vertices":72,
        "generator":"io_three",
        "uvs":0,
        "faces":61
    }
}